,,2020,,,,,,,2021,,,,,,
,,Quarter 1,Quarter 2,Semester 1,Quarter 3,Quarter 4,Semester 2,Annual,Quarter 1,Quarter 2,Semester 1,Quarter 3,Quarter 4,Semester 2,Annual
Irrigated Palay,..CORDILLERA ADMINISTRATIVE REGION (CAR),8259.18,24944.36,33203.54,23108.61,24620.25,47728.85,80932.39,9010,27367.81,36377.81,15407.6,28762,44169.6,80547.41
,....Abra,1746,2904,4650,8985.87,913,9898.87,14548.87,1851,2799.27,4650.27,2152,7747,9899,14549.27
,....Apayao,214.46,9447,9661.46,2241,5903,8144,17805.46,521,9140,9661,1618,5858,7476,17137
,....Benguet,1621,1101,2722,1621,1560,3181,5903,1621,1101,2722,1621,1560,3181,5903
,....Ifugao,3909.72,2560.36,6470.08,3127.74,5302,8429.74,14899.82,3910,2802.73,6712.73,2883.6,2640,5523.6,12236.33
,....Kalinga,648,8296,8944,4184,10442,14626,23570,987,10849.81,11836.81,4184,10457,14641,26477.81
,....Mountain Province,120,636,756,2949,500.25,3449.25,4205.25,120,675,795,2949,500,3449,4244
,..REGION I (ILOCOS REGION),67586,34062,101648,32401,149567,181968,283616,66220,38644,104864,30301,149318,179619,284483
,....Ilocos Norte,9154,5108,14262,8814,31777,40591,54853,7092,7172,14264,8673,31679,40352,54616
,....Ilocos Sur,5254,1741,6995,5430,19951,25381,32376,5084,2450,7534,4758,19863,24621,32155
,....La Union,6006,2167,8173,2437,14003,16440,24613,5629,2115,7744,2535,13940,16475,24219
,....Pangasinan,47172,25046,72218,15720,83836,99556,171774,48415,26907,75322,14335,83836,98171,173493
,..REGION II (CAGAYAN VALLEY),110896,157416,268312,69828,188265,258093,526405,112302,163894,276196,80304,187977,268281,544477
,....Batanes,0,0,0,0,0,0,0,0,0,0,0,0,0,0
,....Cagayan,27461,66629,94090,27651,58082,85733,179823,29495,66571,96066,24280,67116,91396,187462
,....Isabela,62950,72823,135773,28804,105383,134187,269960,60704,75076,135780,43721,91169,134890,270670
,....Nueva Vizcaya,14906,12208,27114,12276,14576,26852,53966,17540,14683,32223,11233,18882,30115,62338
,....Quirino,5579,5756,11335,1097,10224,11321,22656,4563,7564,12127,1070,10810,11880,24007
,..REGION III (CENTRAL LUZON),139380.45,186755.15,326135.6,63286.38,270178.12,333464.5,659600.1,144479.27,184179,328658.27,73041.7,281659.52,354701.22,683359.49
,....Aurora,4855,6306.12,11161.12,4517,6428,10945,22106.12,5085,7500,12585,6470,5720,12190,24775
,....Bataan,8617,5942,14559,2284.07,11088,13372.07,27931.07,8983.45,5537,14520.45,1680,10410.52,12090.52,26610.97
,....Bulacan,19829.45,18343.03,38172.48,3390.3,26674,30064.3,68236.78,19934,16655,36589,6270,29329,35599,72188
,....Nueva Ecija,33852,115315,149167,27137,122149,149286,298453,35056.82,115858,150914.82,27828,125537,153365,304279.82
,....Pampanga,26890,18538,45428,9157,31567.12,40724.12,86152.12,29341,16986,46327,14346.7,33917,48263.7,94590.7
,....Tarlac,38634,15691,54325,13770,60415,74185,128510,39583,16781,56364,14441,63763,78204,134568
,....Zambales,6703,6620,13323,3031,11857,14888,28211,6496,4862,11358,2006,12983,14989,26347
,..REGION IV-A (CALABARZON),15055.39,25499.61,40555,7450.57,28193.89,35644.46,76199.46,16668.33,26001,42669.33,8948.35,28817.39,37765.74,80435.07
,....Batangas,2169,1449,3618,483,3691.03,4174.02,7792.03,2039,1564,3603,998.35,3346,4344.35,7947.35
,....Cavite,1621.89,1491,3112.89,1297.15,2320.09,3617.24,6730.13,2087.58,1323,3410.58,1322,2439.39,3761.39,7171.97
,....Laguna,4148,12207.61,16355.61,2228.32,9097.11,11325.43,27681.04,4347,11532,15879,1731,9688,11419,27298
,....Quezon,6457,8980,15437,3286,11735,15021,30458,7068,9732,16800,4580,11475,16055,32855
,....Rizal,659.5,1372,2031.5,156.1,1350.66,1506.76,3538.26,1126.75,1850,2976.75,317,1869,2186,5162.75
,..MIMAROPA REGION,45504,44041,89545,20640,91671.6,112311.6,201856.6,48236,47506,95742,22620.7,93444.3,116065,211807
,....Marinduque,1165,592,1757,538,972,1510,3267,1178,156,1334,577,996,1573,2907
,....Occidental Mindoro,9544,12498,22042,1844,28831,30675,52717,10704,13631,24335,1858,32057,33915,58250
,....Oriental Mindoro,16243,24823,41066,5360,37418.6,42778.6,83844.6,17558,25197,42755,5334.7,37403.3,42738,85493
,....Palawan,16319,5879,22198,12595,22035,34630,56828,16442,8412,24854,14123,21059,35182,60036
,....Romblon,2233,249,2482,303,2415,2718,5200,2354,110,2464,728,1929,2657,5121
,..REGION V (BICOL REGION),42657,63927,106584,43901,72823.46,116724.46,223308.46,47344,66424.22,113768.22,44021.9,73921.2,117943.1,231711.32
,....Albay,8010,14100,22110,9800,12010,21810,43920,8330,13505,21835,9604,11905,21509,43344
,....Camarines Norte,3294,3409,6703,3096,4974,8070,14773,3360,4000,7360,3252,4840,8092,15452
,....Camarines Sur,23987,32199,56186,25780,41590,67370,123556,28011,34445,62456,25827,42761,68588,131044
,....Catanduanes,1078,856,1934,1071,889.46,1960.46,3894.46,1481,735.22,2216.22,1049.9,922.2,1972.1,4188.32
,....Masbate,3129,4237,7366,1742,3366,5108,12474,3133,4232,7365,1689,3393,5082,12447
,....Sorsogon,3159,9126,12285,2412,9994,12406,24691,3029,9507,12536,2600,10100,12700,25236
,..REGION VI (WESTERN VISAYAS),84250,23023,107273,93346,92089,185435,292708,85616,28140,113756,100558,82927,183485,297241
,....Aklan,7751,2150,9901,4815,4872,9687,19588,5153,2303,7456,3629,6221,9850,17306
,....Antique,5581,3870,9451,14114,11528,25642,35093,11986,6152,18138,14306,12149,26455,44593
,....Capiz,9230,5400,14630,8550,7456,16006,30636,9240,6260,15500,9060,7364,16424,31924
,....Guimaras,1400,198,1598,1460,1535,2995,4593,1323,260,1583,974,1725,2699,4282
,....Iloilo,43208,3685,46893,31007,39886,70893,117786,41219,5215,46434,39339,28098,67437,113871
,....Negros Occidental,17080,7720,24800,33400,26812,60212,85012,16695,7950,24645,33250,27370,60620,85265
,..REGION VII (CENTRAL VISAYAS),17631,10629,28260,4829,25344,30173,58433,19744,11348,31092,6070,24325,30395,61487
,....Bohol,12978,6971,19949,1343,16951,18294,38243,14619,7337,21956,2179,15371,17550,39506
,....Cebu,1017,493,1510,404,1413,1817,3327,1122,550,1672,465,1284,1749,3421
,....Negros Oriental,3626,3000,6626,3081,6760,9841,16467,3886,3300,7186,3264,7600,10864,18050
,....Siquijor,10,165,175,1,220,221,396,117,161,278,162,70,232,510
,..REGION VIII (EASTERN VISAYAS),29938,40313,70251,14546,37374,51920,122171,30086.21,30044,60130.21,27340.12,34052,61392.12,121522.32
,....Biliran,1652,4526,6178,2042,4083,6125,12303,1290,4608,5898,1956,4438,6394,12292
,....Eastern Samar,319,1215,1534,1310,1989,3299,4833,385.21,1154,1539.21,1421.85,1696,3117.85,4657.06
,....Leyte,22713,23600,46313,8015,23295,31310,77623,22693,15207,37900,20706.27,20073,40779.27,78679.27
,....Northern Samar,1385,2068,3453,346,441,787,4240,1549,350,1899,395,426,821,2720
,....Samar,1209,1536,2745,1335,1446,2781,5526,1509,1515,3024,1323,1370,2693,5717
,....Southern Leyte,2660,7368,10028,1498,6120,7618,17646,2660,7210,9870,1538,6049,7587,17457
,..REGION IX (ZAMBOANGA PENINSULA),25278,14476.45,39754.45,30171,19232.95,49403.95,89158.4,30946,14778.2,45724.2,29745.28,18592.04,48337.32,94061.53
,....Zamboanga del Norte,4916,1229,6145,2800,5726,8526,14671,5053,1293.72,6346.72,3150.28,7009.51,10159.79,16506.51
,....Zamboanga del Sur,12939,10643.95,23582.95,20311,6653.95,26964.95,50547.9,19950,11730.48,31680.48,19831,6628.53,26459.53,58140.02
,....Zamboanga Sibugay,5714,1766,7480,6794,4879,11673,19153,5943,1754,7697,6764,4954,11718,19415
,....Zamboanga City,1709,837.5,2546.5,266,1974,2240,4786.5,0,0,0,0,0,0,0
,..REGION X (NORTHERN MINDANAO),36164,30516,66680,39346,38627,77973,144653,38311,28203,66514,40016,37542,77558,144072
,....Bukidnon,25406,13500,38906,22327,24752,47079,85985,27093,13165,40258,22502,23266,45768,86026
,....Camiguin,55,231,286,40,237,277,563,74,216,290,55,233,288,578
,....Lanao del Norte,6250,9673,15923,10500,8057,18557,34480,6155,8413,14568,10900,8390,19290,33858
,....Misamis Occidental,3095,5750,8845,5183,4141,9324,18169,3779,5163,8942,5253,4280,9533,18475
,....Misamis Oriental,1358,1362,2720,1296,1440,2736,5456,1210,1246,2456,1306,1373,2679,5135
,..REGION XI (DAVAO REGION),24761.7,17514,42275.7,23690,23217,46907,89182.7,25959.48,18861,44820.48,25294.1,23676,48970.1,93790.58
,....Davao de Oro (Compostela Valley),6060,4480,10540,6060,7050,13110,23650,5807,5637,11444,6820,7418,14238,25682
,....Davao del Norte,6925,6183,13108,8360,5034,13394,26502,6493.5,6979,13472.5,8412.1,5984,14396.1,27868.6
,....Davao del Sur,9377,1626,11003,6655,6270,12925,23928,11235,2264,13499,8105,5879,13984,27483
,....Davao Occidental,44.7,113,157.7,72,86,158,315.7,62.98,161,223.98,51,110,161,384.98
,....Davao Oriental,1688,4551,6239,1918,4140,6058,12297,2361,3820,6181,1906,4285,6191,12372
,....City of Davao,667,561,1228,625,637,1262,2490,0,0,0,0,0,0,0
,..REGION XII (SOCCSKSARGEN),91852,23020.98,114872.98,76143.84,71815,147958.84,262831.82,95813,20794.98,116607.98,86309.73,68957,155266.73,271874.71
,....Cotabato (North Cotabato),33071,7441,40512,29566,24453,54019,94531,34469,7352,41821,30194,24763,54957,96778
,....Sarangani,1995,1607.98,3602.98,3079.84,3253,6332.84,9935.82,1823,1791.98,3614.98,3087,3263,6350,9964.98
,....South Cotabato,23933,5947,29880,20736,18862,39598,69478,24023,7839,31862,22397,15115,37512,69374
,....Sultan Kudarat,32853,8025,40878,22762,25247,48009,88887,35498,3812,39310,30631.73,25816,56447.73,95757.73
,..REGION XIII (CARAGA),6018.3,43864,49882.3,14044,33320.51,47364.51,97246.81,6112,43110,49222,5487,33715,39202,88424
,....Agusan del Norte,680,7399,8079,805,9424,10229,18308,685,7091,7776,835,8782,9617,17393
,....Agusan del Sur,55,20555,20610,6675,15925,22600,43210,180,20550,20730,1020,16835,17855,38585
,....Dinagat Islands,220,810,1030,500,350,850,1880,250,862,1112,356,363,719,1831
,....Surigao del Norte,1935,6165,8100,2015,4164.51,6179.51,14279.51,2012,6175,8187,655,4170,4825,13012
,....Surigao del Sur,3128.3,8935,12063.3,4049,3457,7506,19569.3,2985,8432,11417,2621,3565,6186,17603
,..BANGSAMORO AUTONOMOUS REGION IN MUSLIM MINDANAO (BARMM),11247,8811,20058,13061,12032.62,25093.62,45151.62,11531.65,7404.38,18936.03,13936,12056.62,25992.62,44928.65
,....Basilan,90,2,92,4,2,6,98,90,12.38,102.38,35,26,61,163.38
,....Lanao del Sur,3498,4982,8480,5014,5362,10376,18856,3491.5,4982,8473.5,5164,5362,10526,18999.5
,....Maguindanao,7659,3827,11486,8033,6668.62,14701.62,26187.62,7950.15,2410,10360.15,8717,6668.62,15385.62,25745.77
,....Sulu,0,0,0,10,0,10,10,0,0,0,20,0,20,20
,....Tawi-tawi,0,0,0,0,0,0,0,0,0,0,0,0,0,0
Rainfed Palay,..CORDILLERA ADMINISTRATIVE REGION (CAR),10,1120,1130,4106,16393.8,20499.8,21629.8,167,969,1136,2345.14,17527.2,19872.34,21008.34
,....Abra,0,0,0,2174,6659.8,8833.8,8833.8,0,0,0,595.14,8239,8834.14,8834.14
,....Apayao,10,1120,1130,1901,5175,7076,8206,167,964,1131,1746,5015.2,6761.2,7892.2
,....Benguet,0,0,0,0,1221,1221,1221,0,0,0,0,939,939,939
,....Ifugao,0,0,0,31,502,533,533,0,0,0,4,498,502,502
,....Kalinga,0,0,0,0,1915,1915,1915,0,5,5,0,1915,1915,1920
,....Mountain Province,0,0,0,0,921,921,921,0,0,0,0,921,921,921
,..REGION I (ILOCOS REGION),251,0,251,6205,117629,123834,124085,247,0,247,6355,117950,124305,124552
,....Ilocos Norte,251,0,251,1089,10020,11109,11360,243,0,243,482,10478,10960,11203
,....Ilocos Sur,0,0,0,1477,17229,18706,18706,4,0,4,1053,17274,18327,18331
,....La Union,0,0,0,380,13876,14256,14256,0,0,0,379,13755,14134,14134
,....Pangasinan,0,0,0,3259,76504,79763,79763,0,0,0,4441,76443,80884,80884
,..REGION II (CAGAYAN VALLEY),17929,19759,37688,1661,23963,25624,63312,19545,20272.5,39817.5,1084.85,27742,28826.85,68644.35
,....Batanes,0,0,0,23,56,79,79,0,1.5,1.5,9.85,38,47.85,49.35
,....Cagayan,12758,14591,27349,1226,12715,13941,41290,13251,14017,27268,819,16013,16832,44100
,....Isabela,3396,4662,8058,275,8636,8911,16969,4731,5512,10243,148,8633,8781,19024
,....Nueva Vizcaya,1215,212,1427,137,1047,1184,2611,1279,162,1441,108,1219,1327,2768
,....Quirino,560,294,854,0,1509,1509,2363,284,580,864,0,1839,1839,2703
,..REGION III (CENTRAL LUZON),1006,200,1206,6728,43674,50402,51608,1029,2050,3079,5549.02,36075,41624.02,44703.02
,....Aurora,362,200,562,276,254,530,1092,373,360,733,340,224,564,1297
,....Bataan,0,0,0,0,333,333,333,0,0,0,0,352,352,352
,....Bulacan,550,0,550,904,11696,12600,13150,554,1690,2244,1267,11386,12653,14897
,....Nueva Ecija,0,0,0,3200,17678,20878,20878,0,0,0,2176.02,12236,14412.02,14412.02
,....Pampanga,0,0,0,0,0,0,0,0,0,0,0,0,0,0
,....Tarlac,94,0,94,426,7846,8272,8366,102,0,102,113,4906,5019,5121
,....Zambales,0,0,0,1922,5867,7789,7789,0,0,0,1653,6971,8624,8624
,..REGION IV-A (CALABARZON),7776.25,6923,14699.25,3378.68,11988.3,15366.98,30066.23,8189,6997,15186,1846,13070.9,14916.9,30102.9
,....Batangas,486,50,536,440.27,4012.85,4453.12,4989.12,793,70,863,126,3778,3904,4767
,....Cavite,0,0,0,141,509,650,650,0,0,0,40,302.9,342.9,342.9
,....Laguna,201,176,377,150.21,170,320.21,697.21,216,116,332,150,588,738,1070
,....Quezon,6946,6697,13643,2631,6599,9230,22873,7090,6810,13900,1497,7840,9337,23237
,....Rizal,143.25,0,143.25,16.2,697.45,713.65,856.9,90,1,91,33,562,595,686
,..MIMAROPA REGION,20864,6371,27235,8440,55709,64149,91384,21108,8321,29429,10064,58830.38,68894.38,98323.38
,....Marinduque,1480,163,1643,425,921,1346,2989,1508,153,1661,446,935,1381,3042
,....Occidental Mindoro,0,0,0,1036,25677,26713,26713,0,0,0,1067,26653.38,27720.38,27720.38
,....Oriental Mindoro,3680,3338,7018,427,8607,9034,16052,3868,3528,7396,589,8738,9327,16723
,....Palawan,13389,2766,16155,6218,18014,24232,40387,13285,4640,17925,7739,20179,27918,45843
,....Romblon,2315,104,2419,334,2490,2824,5243,2447,0,2447,223,2325,2548,4995
,..REGION V (BICOL REGION),26232,37370,63602,11517,48201.53,59718.53,123320.53,24674,31033.36,55707.36,10292.27,48298.61,58590.88,114298.24
,....Albay,2200,2334,4534,665,4774,5439,9973,2425,2472,4897,629,4763,5392,10289
,....Camarines Norte,2895,2738,5633,1814,2373,4187,9820,2969,958,3927,2173,2281,4454,8381
,....Camarines Sur,11743,13994,25737,6437,17294,23731,49468,9469,9376,18845,5357,17962,23319,42164
,....Catanduanes,987,1305,2292,1033,1695.53,2728.53,5020.53,1438,1175.36,2613.36,546.27,1057.61,1603.88,4217.24
,....Masbate,7369,13494,20863,1448,17876,19324,40187,7357,13492,20849,1455,17809,19264,40113
,....Sorsogon,1038,3505,4543,120,4189,4309,8852,1016,3560,4576,132,4426,4558,9134
,..REGION VI (WESTERN VISAYAS),108084.94,15130,123214.94,109238,131775,241013,364227.94,110954,21280,132234,128956,118496,247452,379686
,....Aklan,6677,1754,8431,4431,5953,10384,18815,5414,1961,7375,3707,6059,9766,17141
,....Antique,3205.94,385,3590.94,16509,15900,32409,35999.94,5164,535,5699,16449,15867,32316,38015
,....Capiz,30543,10482,41025,19410,18039,37449,78474,31256,15158,46414,26615,15100,41715,88129
,....Guimaras,4201,103,4304,6264,6249,12513,16817,4160,125,4285,4641,6525,11166,15451
,....Iloilo,58318,2076,60394,45924,66394,112318,172712,59930,3116,63046,59964,56195,116159,179205
,....Negros Occidental,5140,330,5470,16700,19240,35940,41410,5030,385,5415,17580,18750,36330,41745
,..REGION VII (CENTRAL VISAYAS),8197,3625,11822,620,19589,20209,32031,10593,5058,15651,970,17401,18371,34022
,....Bohol,7212,3427,10639,330,15797,16127,26766,9522,4744,14266,366,13769,14135,28401
,....Cebu,57,67,124,40,140,180,304,72,75,147,67,134,201,348
,....Negros Oriental,928,120,1048,250,3612,3862,4910,970,220,1190,506,3478,3984,5174
,....Siquijor,0,11,11,0,40,40,51,29,19,48,31,20,51,99
,..REGION VIII (EASTERN VISAYAS),45662,43221,88883,15844,35518,51362,140245,53436,22258,75694,17858.99,32200,50058.99,125752.99
,....Biliran,0,0,0,0,0,0,0,0,0,0,0,0,0,0
,....Eastern Samar,6835,4239,11074,438,2579,3017,14091,8040,2922,10962,2897.22,2270,5167.22,16129.22
,....Leyte,10390,10708,21098,964,12690,13654,34752,10380,4592,14972,968,11530,12498,27470
,....Northern Samar,7190,19000,26190,7460,2131,9591,35781,13606,5490,19096,7005,1860,8865,27961
,....Samar,21033,8570,29603,6842,17726,24568,54171,21182,8560,29742,6829,16134,22963,52705
,....Southern Leyte,214,704,918,140,392,532,1450,228,694,922,159.77,406,565.77,1487.77
,..REGION IX (ZAMBOANGA PENINSULA),15858,6124.91,21982.91,16729,29756.28,46485.28,68468.19,17072,5562.4,22634.4,16975.4,28229.2,45204.6,67839.01
,....Zamboanga del Norte,5846,1862,7708,2640,9694,12334,20042,5931,1888.69,7819.69,3229.4,7922.54,11151.94,18971.63
,....Zamboanga del Sur,5917,797.91,6714.91,7983,7491.79,15474.79,22189.7,6530,867.71,7397.71,8871,8225.66,17096.66,24494.38
,....Zamboanga Sibugay,3901,3455,7356,5075,12043,17118,24474,4611,2806,7417,4875,12081,16956,24373
,....Zamboanga City,194,10,204,1031,527.49,1558.49,1762.49,0,0,0,0,0,0,0
,..REGION X (NORTHERN MINDANAO),4067,2534,6601,9830,6031,15861,22462,4329,2553,6882,9905,5011,14916,21798
,....Bukidnon,3072,1850,4922,6200,3698,9898,14820,3336,1963,5299,6195,3326,9521,14820
,....Camiguin,0,0,0,0,0,0,0,0,0,0,0,0,0,0
,....Lanao del Norte,770,540,1310,3170,1600,4770,6080,796,440,1236,3400,1179,4579,5815
,....Misamis Occidental,160,80,240,220,600,820,1060,150,80,230,150,400,550,780
,....Misamis Oriental,65,64,129,240,133,373,502,47,70,117,160,106,266,383
,..REGION XI (DAVAO REGION),2704,4025,6729,3556,3451,7007,13736,3161,3690,6851,3868,3504,7372,14223
,....Davao de Oro (Compostela Valley),1119,1552,2671,1513,1607,3120,5791,1214,1442,2656,1633,1403,3036,5692
,....Davao del Norte,553,615,1168,591,810,1401,2569,538,672,1210,841,1053,1894,3104
,....Davao del Sur,0,0,0,27,0,27,27,349,294,643,479,345,824,1467
,....Davao Occidental,65,56,121,87,169,256,377,52,97,149,148,165,313,462
,....Davao Oriental,641,1419,2060,772,495,1267,3327,1008,1185,2193,767,538,1305,3498
,....City of Davao,326,383,709,566,370,936,1645,0,0,0,0,0,0,0
,..REGION XII (SOCCSKSARGEN),19542,2545,22087,21836.99,27930.99,49767.98,71854.98,20835,3010.99,23845.99,23819,26936,50755,74600.99
,....Cotabato (North Cotabato),10374,446,10820,7410,15331,22741,33561,10957,435,11392,7500,15168,22668,34060
,....Sarangani,358,226,584,1087.99,659.99,1747.98,2331.98,196,178.99,374.99,1043,867,1910,2284.99
,....South Cotabato,4158,935,5093,4513,5778,10291,15384,3849,1765,5614,6821,3509,10330,15944
,....Sultan Kudarat,4652,938,5590,8826,6162,14988,20578,5833,632,6465,8455,7392,15847,22312
,..REGION XIII (CARAGA),1923,34974,36897,4883,17046.24,21929.24,58826.24,2234,35205,37439,3548,18467,22015,59454
,....Agusan del Norte,450,935,1385,405,730,1135,2520,453,1035,1488,505,982,1487,2975
,....Agusan del Sur,50,24485,24535,3065,14690,17755,42290,254,24596,24850,1527,15660,17187,42037
,....Dinagat Islands,112,353,465,380,158,538,1003,144,373,517,338,196,534,1051
,....Surigao del Norte,1023,3821,4844,425,640.24,1065.24,5909.24,1090,3840,4930,443,646,1089,6019
,....Surigao del Sur,288,5380,5668,608,828,1436,7104,293,5361,5654,735,983,1718,7372
,..BANGSAMORO AUTONOMOUS REGION IN MUSLIM MINDANAO (BARMM),61856.62,23104.2,84960.82,57520,45704,103224,188184.82,62280.17,23467,85747.17,59823,46277,106100,191847.17
,....Basilan,24,7,31,0,8,8,39,41.67,0,41.67,8,5,13,54.67
,....Lanao del Sur,10982,8818,19800,18800,18641,37441,57241,10978.5,8807,19785.5,19364,18640,38004,57789.5
,....Maguindanao,50850.62,14279.2,65129.82,38076,27031,65107,130236.82,51260,14660,65920,39814,27031,66845,132765
,....Sulu,0,0,0,503,0,503,503,0,0,0,510,587,1097,1097
,....Tawi-tawi,0,0,0,141,24,165,165,0,0,0,127,14,141,141
Palay,..CORDILLERA ADMINISTRATIVE REGION (CAR),8269.18,26064.36,34333.54,27214.61,41014.05,68228.65,102562.19,9177,28336.81,37513.81,17752.74,46289.2,64041.94,101555.75
,....Abra,1746,2904,4650,11159.87,7572.8,18732.67,23382.67,1851,2799.27,4650.27,2747.14,15986,18733.14,23383.41
,....Apayao,224.46,10567,10791.46,4142,11078,15220,26011.46,688,10104,10792,3364,10873.2,14237.2,25029.2
,....Benguet,1621,1101,2722,1621,2781,4402,7124,1621,1101,2722,1621,2499,4120,6842
,....Ifugao,3909.72,2560.36,6470.08,3158.74,5804,8962.74,15432.82,3910,2802.73,6712.73,2887.6,3138,6025.6,12738.33
,....Kalinga,648,8296,8944,4184,12357,16541,25485,987,10854.81,11841.81,4184,12372,16556,28397.81
,....Mountain Province,120,636,756,2949,1421.25,4370.25,5126.25,120,675,795,2949,1421,4370,5165
,..REGION I (ILOCOS REGION),67837,34062,101899,38606,267196,305802,407701,66467,38644,105111,36656,267268,303924,409035
,....Ilocos Norte,9405,5108,14513,9903,41797,51700,66213,7335,7172,14507,9155,42157,51312,65819
,....Ilocos Sur,5254,1741,6995,6907,37180,44087,51082,5088,2450,7538,5811,37137,42948,50486
,....La Union,6006,2167,8173,2817,27879,30696,38869,5629,2115,7744,2914,27695,30609,38353
,....Pangasinan,47172,25046,72218,18979,160340,179319,251537,48415,26907,75322,18776,160279,179055,254377
,..REGION II (CAGAYAN VALLEY),128825,177175,306000,71489,212228,283717,589717,131847,184166.5,316013.5,81388.85,215719,297107.85,613121.35
,....Batanes,0,0,0,23,56,79,79,0,1.5,1.5,9.85,38,47.85,49.35
,....Cagayan,40219,81220,121439,28877,70797,99674,221113,42746,80588,123334,25099,83129,108228,231562
,....Isabela,66346,77485,143831,29079,114019,143098,286929,65435,80588,146023,43869,99802,143671,289694
,....Nueva Vizcaya,16121,12420,28541,12413,15623,28036,56577,18819,14845,33664,11341,20101,31442,65106
,....Quirino,6139,6050,12189,1097,11733,12830,25019,4847,8144,12991,1070,12649,13719,26710
,..REGION III (CENTRAL LUZON),140386.45,186955.15,327341.6,70014.38,313852.12,383866.5,711208.1,145508.27,186229,331737.27,78590.72,317734.52,396325.24,728062.51
,....Aurora,5217,6506.12,11723.12,4793,6682,11475,23198.12,5458,7860,13318,6810,5944,12754,26072
,....Bataan,8617,5942,14559,2284.07,11421,13705.07,28264.07,8983.45,5537,14520.45,1680,10762.52,12442.52,26962.97
,....Bulacan,20379.45,18343.03,38722.48,4294.3,38370,42664.3,81386.78,20488,18345,38833,7537,40715,48252,87085
,....Nueva Ecija,33852,115315,149167,30337,139827,170164,319331,35056.82,115858,150914.82,30004.02,137773,167777.02,318691.84
,....Pampanga,26890,18538,45428,9157,31567.12,40724.12,86152.12,29341,16986,46327,14346.7,33917,48263.7,94590.7
,....Tarlac,38728,15691,54419,14196,68261,82457,136876,39685,16781,56466,14554,68669,83223,139689
,....Zambales,6703,6620,13323,4953,17724,22677,36000,6496,4862,11358,3659,19954,23613,34971
,..REGION IV-A (CALABARZON),22831.64,32422.61,55254.25,10829.26,40182.19,51011.44,106265.69,24857.33,32998,57855.33,10794.35,41888.29,52682.64,110537.97
,....Batangas,2655,1499,4154,923.27,7703.88,8627.15,12781.15,2832,1634,4466,1124.35,7124,8248.35,12714.35
,....Cavite,1621.89,1491,3112.89,1438.15,2829.09,4267.24,7380.13,2087.58,1323,3410.58,1362,2742.29,4104.29,7514.87
,....Laguna,4349,12383.61,16732.61,2378.53,9267.11,11645.64,28378.25,4563,11648,16211,1881,10276,12157,28368
,....Quezon,13403,15677,29080,5917,18334,24251,53331,14158,16542,30700,6077,19315,25392,56092
,....Rizal,802.75,1372,2174.75,172.3,2048.11,2220.41,4395.16,1216.75,1851,3067.75,350,2431,2781,5848.75
,..MIMAROPA REGION,66368,50412,116780,29080,147380.6,176460.6,293240.6,69344,55827,125171,32684.7,152274.68,184959.38,310130.38
,....Marinduque,2645,755,3400,963,1893,2856,6256,2686,309,2995,1023,1931,2954,5949
,....Occidental Mindoro,9544,12498,22042,2880,54508,57388,79430,10704,13631,24335,2925,58710.38,61635.38,85970.38
,....Oriental Mindoro,19923,28161,48084,5787,46025.6,51812.6,99896.6,21426,28725,50151,5923.7,46141.3,52065,102216
,....Palawan,29708,8645,38353,18813,40049,58862,97215,29727,13052,42779,21862,41238,63100,105879
,....Romblon,4548,353,4901,637,4905,5542,10443,4801,110,4911,951,4254,5205,10116
,..REGION V (BICOL REGION),68889,101297,170186,55418,121024.99,176442.99,346628.99,72018,97457.58,169475.58,54314.16,122219.82,176533.98,346009.56
,....Albay,10210,16434,26644,10465,16784,27249,53893,10755,15977,26732,10233,16668,26901,53633
,....Camarines Norte,6189,6147,12336,4910,7347,12257,24593,6329,4958,11287,5425,7121,12546,23833
,....Camarines Sur,35730,46193,81923,32217,58884,91101,173024,37480,43821,81301,31184,60723,91907,173208
,....Catanduanes,2065,2161,4226,2104,2584.99,4688.99,8914.99,2919,1910.58,4829.58,1596.16,1979.82,3575.98,8405.56
,....Masbate,10498,17731,28229,3190,21242,24432,52661,10490,17724,28214,3144,21202,24346,52560
,....Sorsogon,4197,12631,16828,2532,14183,16715,33543,4045,13067,17112,2732,14526,17258,34370
,..REGION VI (WESTERN VISAYAS),192334.94,38153,230487.94,202584,223864,426448,656935.94,196570,49420,245990,229514,201423,430937,676927
,....Aklan,14428,3904,18332,9246,10825,20071,38403,10567,4264,14831,7336,12280,19616,34447
,....Antique,8786.94,4255,13041.94,30623,27428,58051,71092.94,17150,6687,23837,30755,28016,58771,82608
,....Capiz,39773,15882,55655,27960,25495,53455,109110,40496,21418,61914,35675,22464,58139,120053
,....Guimaras,5601,301,5902,7724,7784,15508,21410,5483,385,5868,5615,8250,13865,19733
,....Iloilo,101526,5761,107287,76931,106280,183211,290498,101149,8331,109480,99303,84293,183596,293076
,....Negros Occidental,22220,8050,30270,50100,46052,96152,126422,21725,8335,30060,50830,46120,96950,127010
,..REGION VII (CENTRAL VISAYAS),25828,14254,40082,5449,44933,50382,90464,30337,16406,46743,7040,41726,48766,95509
,....Bohol,20190,10398,30588,1673,32748,34421,65009,24141,12081,36222,2545,29140,31685,67907
,....Cebu,1074,560,1634,444,1553,1997,3631,1194,625,1819,532,1418,1950,3769
,....Negros Oriental,4554,3120,7674,3331,10372,13703,21377,4856,3520,8376,3770,11078,14848,23224
,....Siquijor,10,176,186,1,260,261,447,146,180,326,193,90,283,609
,..REGION VIII (EASTERN VISAYAS),75600,83534,159134,30390,72892,103282,262416,83522.21,52302,135824.21,45199.1,66252,111451.1,247275.31
,....Biliran,1652,4526,6178,2042,4083,6125,12303,1290,4608,5898,1956,4438,6394,12292
,....Eastern Samar,7154,5454,12608,1748,4568,6316,18924,8425.21,4076,12501.21,4319.07,3966,8285.07,20786.28
,....Leyte,33103,34308,67411,8979,35985,44964,112375,33073,19799,52872,21674.27,31603,53277.27,106149.27
,....Northern Samar,8575,21068,29643,7806,2572,10378,40021,15155,5840,20995,7400,2286,9686,30681
,....Samar,22242,10106,32348,8177,19172,27349,59697,22691,10075,32766,8152,17504,25656,58422
,....Southern Leyte,2874,8072,10946,1638,6512,8150,19096,2888,7904,10792,1697.77,6455,8152.77,18944.77
,..REGION IX (ZAMBOANGA PENINSULA),41136,20601.36,61737.36,46900,48989.23,95889.23,157626.59,48018,20340.61,68358.61,46720.68,46821.25,93541.93,161900.53
,....Zamboanga del Norte,10762,3091,13853,5440,15420,20860,34713,10984,3182.41,14166.41,6379.68,14932.05,21311.73,35478.14
,....Zamboanga del Sur,18856,11441.86,30297.86,28294,14145.74,42439.74,72737.6,26480,12598.2,39078.2,28702,14854.2,43556.2,82634.39
,....Zamboanga Sibugay,9615,5221,14836,11869,16922,28791,43627,10554,4560,15114,11639,17035,28674,43788
,....Zamboanga City,1903,847.5,2750.5,1297,2501.49,3798.49,6548.99,0,0,0,0,0,0,0
,..REGION X (NORTHERN MINDANAO),40231,33050,73281,49176,44658,93834,167115,42640,30756,73396,49921,42553,92474,165870
,....Bukidnon,28478,15350,43828,28527,28450,56977,100805,30429,15128,45557,28697,26592,55289,100846
,....Camiguin,55,231,286,40,237,277,563,74,216,290,55,233,288,578
,....Lanao del Norte,7020,10213,17233,13670,9657,23327,40560,6951,8853,15804,14300,9569,23869,39673
,....Misamis Occidental,3255,5830,9085,5403,4741,10144,19229,3929,5243,9172,5403,4680,10083,19255
,....Misamis Oriental,1423,1426,2849,1536,1573,3109,5958,1257,1316,2573,1466,1479,2945,5518
,..REGION XI (DAVAO REGION),27465.7,21539,49004.7,27246,26668,53914,102918.7,29120.48,22551,51671.48,29162.1,27180,56342.1,108013.58
,....Davao de Oro (Compostela Valley),7179,6032,13211,7573,8657,16230,29441,7021,7079,14100,8453,8821,17274,31374
,....Davao del Norte,7478,6798,14276,8951,5844,14795,29071,7031.5,7651,14682.5,9253.1,7037,16290.1,30972.6
,....Davao del Sur,9377,1626,11003,6682,6270,12952,23955,11584,2558,14142,8584,6224,14808,28950
,....Davao Occidental,109.7,169,278.7,159,255,414,692.7,114.98,258,372.98,199,275,474,846.98
,....Davao Oriental,2329,5970,8299,2690,4635,7325,15624,3369,5005,8374,2673,4823,7496,15870
,....City of Davao,993,944,1937,1191,1007,2198,4135,0,0,0,0,0,0,0
,..REGION XII (SOCCSKSARGEN),111394,25565.98,136959.98,97980.83,99745.99,197726.82,334686.8,116648,23805.97,140453.97,110128.73,95893,206021.73,346475.7
,....Cotabato (North Cotabato),43445,7887,51332,36976,39784,76760,128092,45426,7787,53213,37694,39931,77625,130838
,....Sarangani,2353,1833.98,4186.98,4167.83,3912.99,8080.82,12267.8,2019,1970.97,3989.97,4130,4130,8260,12249.97
,....South Cotabato,28091,6882,34973,25249,24640,49889,84862,27872,9604,37476,29218,18624,47842,85318
,....Sultan Kudarat,37505,8963,46468,31588,31409,62997,109465,41331,4444,45775,39086.73,33208,72294.73,118069.73
,..REGION XIII (CARAGA),7941.3,78838,86779.3,18927,50366.75,69293.75,156073.05,8346,78315,86661,9035,52182,61217,147878
,....Agusan del Norte,1130,8334,9464,1210,10154,11364,20828,1138,8126,9264,1340,9764,11104,20368
,....Agusan del Sur,105,45040,45145,9740,30615,40355,85500,434,45146,45580,2547,32495,35042,80622
,....Dinagat Islands,332,1163,1495,880,508,1388,2883,394,1235,1629,694,559,1253,2882
,....Surigao del Norte,2958,9986,12944,2440,4804.75,7244.75,20188.75,3102,10015,13117,1098,4816,5914,19031
,....Surigao del Sur,3416.3,14315,17731.3,4657,4285,8942,26673.3,3278,13793,17071,3356,4548,7904,24975
,..BANGSAMORO AUTONOMOUS REGION IN MUSLIM MINDANAO (BARMM),73103.62,31915.2,105018.82,70581,57736.62,128317.62,233336.44,73811.82,30871.38,104683.2,73759,58333.62,132092.62,236775.82
,....Basilan,114,9,123,4,10,14,137,131.67,12.38,144.05,43,31,74,218.05
,....Lanao del Sur,14480,13800,28280,23814,24003,47817,76097,14470,13789,28259,24528,24002,48530,76789
,....Maguindanao,58509.62,18106.2,76615.82,46109,33699.62,79808.62,156424.44,59210.15,17070,76280.15,48531,33699.62,82230.62,158510.77
,....Sulu,0,0,0,513,0,513,513,0,0,0,530,587,1117,1117
,....Tawi-tawi,0,0,0,141,24,165,165,0,0,0,127,14,141,141
White Corn,..CORDILLERA ADMINISTRATIVE REGION (CAR),1133,47,1180,5135,56,5191,6371,1117,158.22,1275.22,5128,96,5224,6499.22
,....Abra,1065,0,1065,5067,0,5067,6132,1065,0,1065,5073,0,5073,6138
,....Apayao,25,35,60,10,50,60,120,9,6,15,15,12,27,42
,....Benguet,10,12,22,9,6,15,37,10,12,22,9,6,15,37
,....Ifugao,0,0,0,0,0,0,0,0,0,0,12,0,12,12
,....Kalinga,33,0,33,30,0,30,63,33,140.22,173.22,0,78,78,251.22
,....Mountain Province,0,0,0,19,0,19,19,0,0,0,19,0,19,19
,..REGION I (ILOCOS REGION),6299,2991.96,9290.96,1296,1400,2696,11986.96,6404,3061,9465,1121,1356,2477,11942
,....Ilocos Norte,2557,300,2857,245,230,475,3332,2385,278,2663,82,224,306,2969
,....Ilocos Sur,1368,991.96,2359.96,645,540,1185,3544.96,1418,1062,2480,645,517,1162,3642
,....La Union,833,701,1534,224,334,558,2092,994,722,1716,209,319,528,2244
,....Pangasinan,1541,999,2540,182,296,478,3018,1607,999,2606,185,296,481,3087
,..REGION II (CAGAYAN VALLEY),2946,1986,4932,2909,1707,4616,9548,2835,1696.32,4531.32,1279,1841,3120,7651.32
,....Batanes,6,13,19,6,9,15,34,8,42.32,50.32,3,6,9,59.32
,....Cagayan,1102,777,1879,1503,626,2129,4008,1089,803,1892,819,720,1539,3431
,....Isabela,1284,976,2260,1019,958,1977,4237,1348,750,2098,296,893,1189,3287
,....Nueva Vizcaya,269,107,376,175,61,236,612,188,90,278,114,157,271,549
,....Quirino,285,113,398,206,53,259,657,202,11,213,47,65,112,325
,..REGION III (CENTRAL LUZON),4068.21,3735.7,7803.91,2295.09,1521.4,3816.49,11620.4,4665,3618,8283,1564.92,1337.07,2901.99,11184.99
,....Aurora,190,182,372,109,98.4,207.4,579.4,149,145,294,64,35,99,393
,....Bataan,164,154,318,56,34,90,408,176,91,267,46,52.07,98.07,365.07
,....Bulacan,578,90,668,49.09,28,77.09,745.09,395,26,421,30,28,58,479
,....Nueva Ecija,2128.52,2132.7,4261.22,925,1200,2125,6386.22,3128,2755,5883,878,1070,1948,7831
,....Pampanga,863,824,1687,571,39,610,2297,676,272,948,373.92,70,443.92,1391.92
,....Tarlac,126,263,389,538,88,626,1015,121,245,366,154,62,216,582
,....Zambales,18.69,90,108.69,47,34,81,189.69,20,84,104,19,20,39,143
,..REGION IV-A (CALABARZON),1858.65,2001.9,3860.55,4979.69,4283.88,9263.57,13124.12,2346,1578.15,3924.15,4686.45,4204.63,8891.08,12815.23
,....Batangas,304,73,377,1531,1464.92,2995.92,3372.92,870,158,1028,1824.15,1452.8,3276.95,4304.95
,....Cavite,49,18.3,67.3,578,76.19,654.19,721.49,72,37.25,109.25,349.3,97.83,447.13,556.38
,....Laguna,346,273,619,280.64,126.02,406.66,1025.66,288,135.9,423.9,250,136,386,809.9
,....Quezon,1090,1536,2626,2311,2509,4820,7446,1086,1167,2253,2174,2461,4635,6888
,....Rizal,69.65,101.6,171.25,279.05,107.75,386.8,558.05,30,80,110,89,57,146,256
,..MIMAROPA REGION,810,1712,2522,2462,1821,4283,6805,749,1259,2008,2061,1112,3173,5181
,....Marinduque,18,30,48,102,87,189,237,34,36,70,147,110,257,327
,....Occidental Mindoro,226,1367,1593,1044,754,1798,3391,185,802,987,831,146,977,1964
,....Oriental Mindoro,50,91,141,59,56,115,256,46,63,109,46,71,117,226
,....Palawan,434,193,627,871,769,1640,2267,424,244,668,665,709,1374,2042
,....Romblon,82,31,113,386,155,541,654,60,114,174,372,76,448,622
,..REGION V (BICOL REGION),18912,6624.99,25536.99,16646,7373,24019,49555.99,19439,6639.38,26078.38,17380.39,7022.1,24402.49,50480.87
,....Albay,650,769,1419,1836,660,2496,3915,655,857,1512,1907,653,2560,4072
,....Camarines Norte,250,305,555,219,100,319,874,265,298,563,195,98,293,856
,....Camarines Sur,2217,1726,3943,1199,1748,2947,6890,2344,1669,4013,1217,1772,2989,7002
,....Catanduanes,34,67.99,101.99,193,222,415,516.99,50,63.38,113.38,176.39,89.1,265.49,378.87
,....Masbate,15733,3732,19465,13157,4588,17745,37210,16096,3731,19827,13841,4360,18201,38028
,....Sorsogon,28,25,53,42,55,97,150,29,21,50,44,50,94,144
,..REGION VI (WESTERN VISAYAS),11724,6268,17992,21549,8570,30119,48111,10636,6896,17532,19684,8539.5,28223.5,45755.5
,....Aklan,84,127,211,171,167,338,549,78,114,192,164,161,325,517
,....Antique,144,95,239,220,30,250,489,134,99,233,200,26.5,226.5,459.5
,....Capiz,162,92,254,170,116,286,540,160,98,258,183,122,305,563
,....Guimaras,45,8,53,273,59,332,385,40,18,58,249,65,314,372
,....Iloilo,689,726,1415,2815,398,3213,4628,791,767,1558,1338,265,1603,3161
,....Negros Occidental,10600,5220,15820,17900,7800,25700,41520,9433,5800,15233,17550,7900,25450,40683
,..REGION VII (CENTRAL VISAYAS),19699,5546,25245,77137,34177,111314,136559,21072,5396,26468,67471,30954,98425,124893
,....Bohol,2204,599,2803,5813,2460,8273,11076,1626,570,2196,5712,893,6605,8801
,....Cebu,8974,2659,11633,38803,15303,54106,65739,8768,2293,11061,31060,12443,43503,54564
,....Negros Oriental,8159,2276,10435,29171,15864,45035,55470,9900,2350,12250,27279,17150,44429,56679
,....Siquijor,362,12,374,3350,550,3900,4274,778,183,961,3420,468,3888,4849
,..REGION VIII (EASTERN VISAYAS),6374,14923,21297,12638,14250,26888,48185,5305,12926.65,18231.65,11600,11525.1,23125.1,41356.75
,....Biliran,76,108,184,47,133,180,364,69,105,174,48,137,185,359
,....Eastern Samar,42,13,55,23,26,49,104,41,50,91,29,24,53,144
,....Leyte,5025,9835,14860,8710,10732,19442,34302,3968,7830,11798,7660,7869,15529,27327
,....Northern Samar,889,2035,2924,2121,1397,3518,6442,894,2023,2917,2130,1392.1,3522.1,6439.1
,....Samar,200,2852,3052,1520,1124,2644,5696,190,2824,3014,1520,1138,2658,5672
,....Southern Leyte,142,80,222,217,838,1055,1277,143,94.65,237.65,213,965,1178,1415.65
,..REGION IX (ZAMBOANGA PENINSULA),24211.03,9218,33429.03,55363.26,19426.53,74789.79,108218.82,25730,8777.4,34507.4,58415,21629,80044,114551.4
,....Zamboanga del Norte,5807.03,1340,7147.03,21488.45,6670,28158.45,35305.48,6171,1804.4,7975.4,20144,8015,28159,36134.4
,....Zamboanga del Sur,15317,5930,21247,27610.81,9984.84,37595.65,58842.65,16835,5749,22584,33381,11536,44917,67501
,....Zamboanga Sibugay,2634,1341,3975,4831,1827,6658,10633,2724,1224,3948,4890,2078,6968,10916
,....Zamboanga City,453,607,1060,1433,944.69,2377.69,3437.69,0,0,0,0,0,0,0
,..REGION X (NORTHERN MINDANAO),50082.25,11630,61712.25,85056,51310,136366,198078.25,35141.04,15658.5,50799.54,87133.2,51966.03,139099.23,189898.77
,....Bukidnon,10175.25,1500,11675.25,19105,10782,29887,41562.25,10800.04,1523,12323.04,19314.2,9952.03,29266.23,41589.27
,....Camiguin,60,88,148,58,60,118,266,66,70,136,70,48,118,254
,....Lanao del Norte,26600,9000,35600,40410,22700,63110,98710,11325,10930,22255,43209,24647,67856,90111
,....Misamis Occidental,5210,592,5802,11600,8980,20580,26382,5454,604.5,6058.5,11000,8780,19780,25838.5
,....Misamis Oriental,8037,450,8487,13883,8788,22671,31158,7496,2531,10027,13540,8539,22079,32106
,..REGION XI (DAVAO REGION),31535,27472,59007,38949.5,48259.9,87209.4,146216.4,32968,30834,63802,38639,49045,87684,151486
,....Davao de Oro (Compostela Valley),5269,6644,11913,9009,8379,17388,29301,4628,7386,12014,9312,8120,17432,29446
,....Davao del Norte,2324,3411,5735,3570,3469,7039,12774,2477,4539,7016,3536,7156,10692,17708
,....Davao del Sur,7006,4313,11319,5632,6650,12282,23601,8915,6919,15834,8051,7315,15366,31200
,....Davao Occidental,6780,3255,10035,5454.5,9146.9,14601.4,24636.4,8403,3811,12214,5339,9534,14873,27087
,....Davao Oriental,8195,7521,15716,12399,17073,29472,45188,8545,8179,16724,12401,16920,29321,46045
,....City of Davao,1961,2328,4289,2885,3542,6427,10716,0,0,0,0,0,0,0
,..REGION XII (SOCCSKSARGEN),31698.01,8483.49,40181.5,37562,31119,68681,108862.5,27458,12657,40115,37863,32618,70481,110596
,....Cotabato (North Cotabato),5731,1470,7201,8602,5205,13807,21008,5780,2190,7970,9225,5493,14718,22688
,....Sarangani,7601,2436.49,10037.49,16129,11852,27981,38018.49,6651,2440,9091,16555,12699,29254,38345
,....South Cotabato,8377,2490,10867,8150,7710,15860,26727,7746,5606,13352,7527,7283,14810,28162
,....Sultan Kudarat,9989.01,2087,12076.01,4681,6352,11033,23109.01,7281,2421,9702,4556,7143,11699,21401
,..REGION XIII (CARAGA),1914,5041,6955,6878,11401,18279,25234,1558,2148,3706,8137,11115,19252,22958
,....Agusan del Norte,890,416,1306,794,335,1129,2435,892,367,1259,890,919,1809,3068
,....Agusan del Sur,890,4415,5305,4040,9750,13790,19095,500,1538,2038,4790,8890,13680,15718
,....Dinagat Islands,15,50,65,35,21,56,121,25,54,79,40,19,59,138
,....Surigao del Norte,35,85,120,232,212,444,564,40,95,135,240,230,470,605
,....Surigao del Sur,84,75,159,1777,1083,2860,3019,101,94,195,2177,1057,3234,3429
,..BANGSAMORO AUTONOMOUS REGION IN MUSLIM MINDANAO (BARMM),32827,27536,60363,93556.07,32877,126433.07,186796.07,41176.95,37140.61,78317.56,92722.9,48429.83,141152.73,219470.29
,....Basilan,150,20,170,100,116,216,386,150,50,200,82,100,182,382
,....Lanao del Sur,17895,21284,39179,68070,25364,93434,132613,17895.8,21280,39175.8,70108,25363,95471,134646.8
,....Maguindanao,14433,5662,20095,24608.19,6893,31501.19,51596.19,22725.15,15206.61,37931.76,21744.9,22356.83,44101.73,82033.49
,....Sulu,146,320,466,549.88,303,852.88,1318.88,160,360,520,560,409,969,1489
,....Tawi-tawi,203,250,453,228,201,429,882,246,244,490,228,201,429,919
Yellow Corn,..CORDILLERA ADMINISTRATIVE REGION (CAR),15821,12621,28442,11746,16662,28408,56850,14010,13124.03,27134.03,7746.01,18963,26709.01,53843.04
,....Abra,188,0,188,10,0,10,198,188,0,188,4,0,4,192
,....Apayao,723,3508,4231,1766,1995,3761,7992,560,3671,4231,1202,1640,2842,7073
,....Benguet,70,30,100,24,19,43,143,70,30,100,24,19,43,143
,....Ifugao,10338,3691,14029,4197,10236,14433,28462,7907,3071,10978,4185.01,8623,12808.01,23786.01
,....Kalinga,2969,3983,6952,3096,2881,5977,12929,3752,4943.03,8695.03,175,6653,6828,15523.03
,....Mountain Province,1533,1409,2942,2653,1531,4184,7126,1533,1409,2942,2156,2028,4184,7126
,..REGION I (ILOCOS REGION),55621,25945,81566,822,792,1614,83180,56071,25909,81980,869,970,1839,83819
,....Ilocos Norte,5601,2417,8018,94,398,492,8510,6031,2111,8142,98,406,504,8646
,....Ilocos Sur,8586,6261,14847,371,190,561,15408,8109,6541,14650,371,240,611,15261
,....La Union,3651,1519,5170,2,0,2,5172,3088,1509,4597,7,0,7,4604
,....Pangasinan,37783,15748,53531,355,204,559,54090,38843,15748,54591,393,324,717,55308
,..REGION II (CAGAYAN VALLEY),106924,102650,209574,163297,46361,209658,419232,120833,95774.45,216607.45,82809,125856.69,208665.69,425273.14
,....Batanes,20,16,36,9,24,33,69,24,32.45,56.45,4,15,19,75.45
,....Cagayan,32853,30900,63753,38191,17431,55622,119375,36125,33518,69643,27618,36678,64296,133939
,....Isabela,61131,56904,118035,105346,20742,126088,244123,68018,51697,119715,47213,74740.11,121953.11,241668.11
,....Nueva Vizcaya,5299,2566,7865,7263,658,7921,15786,5558,2826,8384,4448,3658.57,8106.57,16490.57
,....Quirino,7621,12264,19885,12488,7506,19994,39879,11108,7701,18809,3526,10765,14291,33100
,..REGION III (CENTRAL LUZON),19059,13789,32848,1729,650,2379,35227,19961,16675,36636,3186,786.93,3972.93,40608.93
,....Aurora,538,952,1490,693,305,998,2488,536,937,1473,786,353,1139,2612
,....Bataan,394,420,814,83,125,208,1022,422,280,702,62,115.93,177.93,879.93
,....Bulacan,0,0,0,0,0,0,0,0,25,25,0,0,0,25
,....Nueva Ecija,932,1400,2332,471,220,691,3023,1085,3996,5081,1650,280,1930,7011
,....Pampanga,7414,1174,8588,18,0,18,8606,8001,2196,10197,0,0,0,10197
,....Tarlac,9757,9573,19330,443,0,443,19773,9857,9164,19021,522,28,550,19571
,....Zambales,24,270,294,21,0,21,315,60,77,137,166,10,176,313
,..REGION IV-A (CALABARZON),4507,1653.8,6160.8,3512,4032.43,7544.43,13705.23,4024,2021,6045,3482.4,2838.5,6320.9,12365.9
,....Batangas,240,82,322,120,157.5,277.5,599.5,249,311,560,549,220,769,1329
,....Cavite,78,0,78,42,20.5,62.5,140.5,25,12,37,65.3,23.5,88.8,125.8
,....Laguna,250,76,326,77,89.43,166.43,492.43,228,65,293,43.1,54,97.1,390.1
,....Quezon,3856,1443,5299,3216,3567,6783,12082,3470,1582,5052,2742,2473,5215,10267
,....Rizal,83,52.8,135.8,57,198,255,390.8,52,51,103,83,68,151,254
,..MIMAROPA REGION,10049,6603,16652,4403,2552,6955,23607,9936,6383,16319,3919,2812,6731,23050
,....Marinduque,22,8,30,20,2,22,52,23,0,23,0,10,10,33
,....Occidental Mindoro,8702,6155,14857,1502,660,2162,17019,8605,5798,14403,1751,996,2747,17150
,....Oriental Mindoro,110,210,320,650,592,1242,1562,92,193,285,548,606,1154,1439
,....Palawan,1215,202,1417,2168,1286,3454,4871,1212,348,1560,1615,1198,2813,4373
,....Romblon,0,28,28,63,12,75,103,4,44,48,5,2,7,55
,..REGION V (BICOL REGION),8613,22715,31328,15124,10977,26101,57429,10047,22848,32895,14559,10995,25554,58449
,....Albay,2222,8800,11022,1966,3410,5376,16398,2370,8962,11332,1970,3325,5295,16627
,....Camarines Norte,50,52,102,76,0,76,178,54,49,103,70,0,70,173
,....Camarines Sur,6223,13679,19902,12600,7198,19798,39700,7461,13700,21161,12258,7417,19675,40836
,....Catanduanes,0,52,52,0,105,105,157,33,0,33,0,0,0,33
,....Masbate,110,109,219,473,230,703,922,111,109,220,251,223,474,694
,....Sorsogon,8,23,31,9,34,43,74,18,28,46,10,30,40,86
,..REGION VI (WESTERN VISAYAS),17800,6783,24583,24122,12661,36783,61366,19654,7600,27254,28890,12306.4,41196.4,68450.4
,....Aklan,130,369,499,263,145,408,907,117,350,467,248,135,383,850
,....Antique,601,860,1461,301,35,336,1797,538,865,1403,276,31.4,307.4,1710.4
,....Capiz,5400,2175,7575,6030,1170,7200,14775,5000,1915,6915,6200,1262,7462,14377
,....Guimaras,20,4,24,195,45,240,264,23,8,31,190,60,250,281
,....Iloilo,6249,1185,7434,5883,1996,7879,15313,8876,2162,11038,10476,1518,11994,23032
,....Negros Occidental,5400,2190,7590,11450,9270,20720,28310,5100,2300,7400,11500,9300,20800,28200
,..REGION VII (CENTRAL VISAYAS),88,71,159,442,249,691,850,123,60,183,1689,228,1917,2100
,....Bohol,18,26,44,115,25,140,184,3,5,8,1422,25,1447,1455
,....Cebu,30,35,65,150,90,240,305,70,40,110,100,55,155,265
,....Negros Oriental,40,10,50,177,134,311,361,50,15,65,167,148,315,380
,....Siquijor,0,0,0,0,0,0,0,0,0,0,0,0,0,0
,..REGION VIII (EASTERN VISAYAS),1012,915,1927,1000,962,1962,3889,964,751.01,1715.01,953.33,929.1,1882.43,3597.45
,....Biliran,18,37,55,29,45,74,129,15,32,47,29,45,74,121
,....Eastern Samar,16,28,44,7,21,28,72,16,5,21,4,21,25,46
,....Leyte,461,495,956,445,488,933,1889,433,370,803,400,438,838,1641
,....Northern Samar,349,225,574,305,254,559,1133,343,214,557,307,253.1,560.1,1117.1
,....Samar,133,105,238,194,102,296,534,125,100,225,194,112,306,531
,....Southern Leyte,35,25,60,20,52,72,132,32,30.01,62.01,19.33,60,79.33,141.35
,..REGION IX (ZAMBOANGA PENINSULA),1575.5,635,2210.5,3713.14,2243.35,5956.49,8166.99,3140,656,3796,4593.5,3084,7677.5,11473.5
,....Zamboanga del Norte,306,30,336,300,1000,1300,1636,712,30,742,500,1478,1978,2720
,....Zamboanga del Sur,695,305,1000,1723.14,160.35,1883.49,2883.49,2271,538,2809,3482,1417,4899,7708
,....Zamboanga Sibugay,216,82,298,615,450,1065,1363,157,88,245,611.5,189,800.5,1045.5
,....Zamboanga City,358.5,218,576.5,1075,633,1708,2284.5,0,0,0,0,0,0,0
,..REGION X (NORTHERN MINDANAO),52519,11119,63638,53525,56644,110169,173807,53989.19,12249,66238.19,51905,76823,128728,194966.19
,....Bukidnon,48786,10000,58786,43752,47240,90992,149778,48632.19,10197,58829.19,42283,66677,108960,167789.19
,....Camiguin,10,17,27,17,20,37,64,14,17,31,22,16,38,69
,....Lanao del Norte,565,564,1129,4500,5500,10000,11129,278,800,1078,4800,6425,11225,12303
,....Misamis Occidental,300,30,330,550,340,890,1220,310,35,345,400,303,703,1048
,....Misamis Oriental,2858,508,3366,4706,3544,8250,11616,4755,1200,5955,4400,3402,7802,13757
,..REGION XI (DAVAO REGION),6436,4559,10995,7051,5055.99,12106.99,23101.99,6500,5301,11801,6943,5065,12008,23809
,....Davao de Oro (Compostela Valley),2609,1333,3942,2583,2065,4648,8590,2629,1591,4220,2748,2002,4750,8970
,....Davao del Norte,1576,1114,2690,1468,1412,2880,5570,1622,1482,3104,1464,1892,3356,6460
,....Davao del Sur,632,825,1457,1377,507,1884,3341,1299,1387,2686,1799,578,2377,5063
,....Davao Occidental,712,692,1404,933,176.99,1109.99,2513.99,472,704,1176,733,200,933,2109
,....Davao Oriental,440,117,557,199,396,595,1152,478,137,615,199,393,592,1207
,....City of Davao,467,478,945,491,499,990,1935,0,0,0,0,0,0,0
,..REGION XII (SOCCSKSARGEN),68319,22895.99,91214.99,98661,89831,188492,279706.99,73443,29184,102627,93442,90698,184140,286767
,....Cotabato (North Cotabato),21389,5518,26907,29221,23280,52501,79408,24883,7140,32023,30366,23952,54318,86341
,....Sarangani,3754,2413.99,6167.99,9515,11388,20903,27070.99,6618,2485,9103,8679,11687,20366,29469
,....South Cotabato,23097,8619,31716,40234,33816,74050,105766,23213,13036,36249,34123,33024,67147,103396
,....Sultan Kudarat,20079,6345,26424,19691,21347,41038,67462,18729,6523,25252,20274,22035,42309,67561
,..REGION XIII (CARAGA),635,4688,5323,5639,8354,13993,19316,213,2195,2408,6886,8681,15567,17975
,....Agusan del Norte,117,281,398,520,138,658,1056,45,295,340,750,980,1730,2070
,....Agusan del Sur,460,4305,4765,4145,7465,11610,16375,100,1780,1880,5037,7055,12092,13972
,....Dinagat Islands,8,14,22,12,8,20,42,5,5,10,15,7,22,32
,....Surigao del Norte,13,50,63,122,63,185,248,15,65,80,128,68,196,276
,....Surigao del Sur,37,38,75,840,680,1520,1595,48,50,98,956,571,1527,1625
,..BANGSAMORO AUTONOMOUS REGION IN MUSLIM MINDANAO (BARMM),68757,17998.24,86755.24,58073.09,34245.51,92318.6,179073.84,54436.35,16654.03,71090.38,42509.1,17859.42,60368.52,131458.89
,....Basilan,0,0,0,0,0,0,0,0,0,0,0,0,0,0
,....Lanao del Sur,16290,580,16870,15924,6930,22854,39724,16290.7,578,16868.7,16395,6932,23327,40195.7
,....Maguindanao,52467,17418.24,69885.24,42149.09,27315.51,69464.6,139349.84,38145.65,16076.03,54221.68,26114.1,10927.42,37041.52,91263.19
,....Sulu,0,0,0,0,0,0,0,0,0,0,0,0,0,0
,....Tawi-tawi,0,0,0,0,0,0,0,0,0,0,0,0,0,0
Corn,..CORDILLERA ADMINISTRATIVE REGION (CAR),16954,12668,29622,16881,16718,33599,63221,15127,13282.25,28409.25,12874.01,19059,31933.01,60342.26
,....Abra,1253,0,1253,5077,0,5077,6330,1253,0,1253,5077,0,5077,6330
,....Apayao,748,3543,4291,1776,2045,3821,8112,569,3677,4246,1217,1652,2869,7115
,....Benguet,80,42,122,33,25,58,180,80,42,122,33,25,58,180
,....Ifugao,10338,3691,14029,4197,10236,14433,28462,7907,3071,10978,4197.01,8623,12820.01,23798.01
,....Kalinga,3002,3983,6985,3126,2881,6007,12992,3785,5083.25,8868.25,175,6731,6906,15774.25
,....Mountain Province,1533,1409,2942,2672,1531,4203,7145,1533,1409,2942,2175,2028,4203,7145
,..REGION I (ILOCOS REGION),61920,28936.96,90856.96,2118,2192,4310,95166.96,62475,28970,91445,1990,2326,4316,95761
,....Ilocos Norte,8158,2717,10875,339,628,967,11842,8416,2389,10805,180,630,810,11615
,....Ilocos Sur,9954,7252.96,17206.96,1016,730,1746,18952.96,9527,7603,17130,1016,757,1773,18903
,....La Union,4484,2220,6704,226,334,560,7264,4082,2231,6313,216,319,535,6848
,....Pangasinan,39324,16747,56071,537,500,1037,57108,40450,16747,57197,578,620,1198,58395
,..REGION II (CAGAYAN VALLEY),109870,104636,214506,166206,48068,214274,428780,123668,97470.77,221138.77,84088,127697.69,211785.69,432924.46
,....Batanes,26,29,55,15,33,48,103,32,74.77,106.77,7,21,28,134.77
,....Cagayan,33955,31677,65632,39694,18057,57751,123383,37214,34321,71535,28437,37398,65835,137370
,....Isabela,62415,57880,120295,106365,21700,128065,248360,69366,52447,121813,47509,75633.11,123142.11,244955.11
,....Nueva Vizcaya,5568,2673,8241,7438,719,8157,16398,5746,2916,8662,4562,3815.57,8377.57,17039.57
,....Quirino,7906,12377,20283,12694,7559,20253,40536,11310,7712,19022,3573,10830,14403,33425
,..REGION III (CENTRAL LUZON),23127.21,17524.7,40651.91,4024.09,2171.4,6195.49,46847.4,24626,20293,44919,4750.92,2124,6874.92,51793.92
,....Aurora,728,1134,1862,802,403.4,1205.4,3067.4,685,1082,1767,850,388,1238,3005
,....Bataan,558,574,1132,139,159,298,1430,598,371,969,108,168,276,1245
,....Bulacan,578,90,668,49.09,28,77.09,745.09,395,51,446,30,28,58,504
,....Nueva Ecija,3060.52,3532.7,6593.22,1396,1420,2816,9409.22,4213,6751,10964,2528,1350,3878,14842
,....Pampanga,8277,1998,10275,589,39,628,10903,8677,2468,11145,373.92,70,443.92,11588.92
,....Tarlac,9883,9836,19719,981,88,1069,20788,9978,9409,19387,676,90,766,20153
,....Zambales,42.69,360,402.69,68,34,102,504.69,80,161,241,185,30,215,456
,..REGION IV-A (CALABARZON),6365.65,3655.7,10021.35,8491.69,8316.31,16808,26829.35,6370,3599.15,9969.15,8168.85,7043.13,15211.98,25181.13
,....Batangas,544,155,699,1651,1622.42,3273.42,3972.42,1119,469,1588,2373.15,1672.8,4045.95,5633.95
,....Cavite,127,18.3,145.3,620,96.69,716.69,861.99,97,49.25,146.25,414.6,121.33,535.93,682.18
,....Laguna,596,349,945,357.64,215.45,573.09,1518.09,516,200.9,716.9,293.1,190,483.1,1200
,....Quezon,4946,2979,7925,5527,6076,11603,19528,4556,2749,7305,4916,4934,9850,17155
,....Rizal,152.65,154.4,307.05,336.05,305.75,641.8,948.85,82,131,213,172,125,297,510
,..MIMAROPA REGION,10859,8315,19174,6865,4373,11238,30412,10685,7642,18327,5980,3924,9904,28231
,....Marinduque,40,38,78,122,89,211,289,57,36,93,147,120,267,360
,....Occidental Mindoro,8928,7522,16450,2546,1414,3960,20410,8790,6600,15390,2582,1142,3724,19114
,....Oriental Mindoro,160,301,461,709,648,1357,1818,138,256,394,594,677,1271,1665
,....Palawan,1649,395,2044,3039,2055,5094,7138,1636,592,2228,2280,1907,4187,6415
,....Romblon,82,59,141,449,167,616,757,64,158,222,377,78,455,677
,..REGION V (BICOL REGION),27525,29339.99,56864.99,31770,18350,50120,106984.99,29486,29487.38,58973.38,31939.39,18017.1,49956.49,108929.87
,....Albay,2872,9569,12441,3802,4070,7872,20313,3025,9819,12844,3877,3978,7855,20699
,....Camarines Norte,300,357,657,295,100,395,1052,319,347,666,265,98,363,1029
,....Camarines Sur,8440,15405,23845,13799,8946,22745,46590,9805,15369,25174,13475,9189,22664,47838
,....Catanduanes,34,119.99,153.99,193,327,520,673.99,83,63.38,146.38,176.39,89.1,265.49,411.87
,....Masbate,15843,3841,19684,13630,4818,18448,38132,16207,3840,20047,14092,4583,18675,38722
,....Sorsogon,36,48,84,51,89,140,224,47,49,96,54,80,134,230
,..REGION VI (WESTERN VISAYAS),29524,13051,42575,45671,21231,66902,109477,30290,14496,44786,48574,20845.9,69419.9,114205.9
,....Aklan,214,496,710,434,312,746,1456,195,464,659,412,296,708,1367
,....Antique,745,955,1700,521,65,586,2286,672,964,1636,476,57.9,533.9,2169.9
,....Capiz,5562,2267,7829,6200,1286,7486,15315,5160,2013,7173,6383,1384,7767,14940
,....Guimaras,65,12,77,468,104,572,649,63,26,89,439,125,564,653
,....Iloilo,6938,1911,8849,8698,2394,11092,19941,9667,2929,12596,11814,1783,13597,26193
,....Negros Occidental,16000,7410,23410,29350,17070,46420,69830,14533,8100,22633,29050,17200,46250,68883
,..REGION VII (CENTRAL VISAYAS),19787,5617,25404,77579,34426,112005,137409,21195,5456,26651,69160,31182,100342,126993
,....Bohol,2222,625,2847,5928,2485,8413,11260,1629,575,2204,7134,918,8052,10256
,....Cebu,9004,2694,11698,38953,15393,54346,66044,8838,2333,11171,31160,12498,43658,54829
,....Negros Oriental,8199,2286,10485,29348,15998,45346,55831,9950,2365,12315,27446,17298,44744,57059
,....Siquijor,362,12,374,3350,550,3900,4274,778,183,961,3420,468,3888,4849
,..REGION VIII (EASTERN VISAYAS),7386,15838,23224,13638,15212,28850,52074,6269,13677.67,19946.67,12553.33,12454.2,25007.53,44954.2
,....Biliran,94,145,239,76,178,254,493,84,137,221,77,182,259,480
,....Eastern Samar,58,41,99,30,47,77,176,57,55,112,33,45,78,190
,....Leyte,5486,10330,15816,9155,11220,20375,36191,4401,8200,12601,8060,8307,16367,28968
,....Northern Samar,1238,2260,3498,2426,1651,4077,7575,1237,2237,3474,2437,1645.2,4082.2,7556.2
,....Samar,333,2957,3290,1714,1226,2940,6230,315,2924,3239,1714,1250,2964,6203
,....Southern Leyte,177,105,282,237,890,1127,1409,175,124.67,299.67,232.33,1025,1257.33,1557
,..REGION IX (ZAMBOANGA PENINSULA),25786.53,9853,35639.53,59076.4,21669.88,80746.28,116385.81,28870,9433.4,38303.4,63008.5,24713,87721.5,126024.9
,....Zamboanga del Norte,6113.03,1370,7483.03,21788.45,7670,29458.45,36941.48,6883,1834.4,8717.4,20644,9493,30137,38854.4
,....Zamboanga del Sur,16012,6235,22247,29333.95,10145.19,39479.14,61726.14,19106,6287,25393,36863,12953,49816,75209
,....Zamboanga Sibugay,2850,1423,4273,5446,2277,7723,11996,2881,1312,4193,5501.5,2267,7768.5,11961.5
,....Zamboanga City,811.5,825,1636.5,2508,1577.69,4085.69,5722.19,0,0,0,0,0,0,0
,..REGION X (NORTHERN MINDANAO),102601.25,22749,125350.25,138581,107954,246535,371885.25,89130.23,27907.5,117037.73,139038.2,128789.03,267827.23,384864.96
,....Bukidnon,58961.25,11500,70461.25,62857,58022,120879,191340.25,59432.23,11720,71152.23,61597.2,76629.03,138226.23,209378.46
,....Camiguin,70,105,175,75,80,155,330,80,87,167,92,64,156,323
,....Lanao del Norte,27165,9564,36729,44910,28200,73110,109839,11603,11730,23333,48009,31072,79081,102414
,....Misamis Occidental,5510,622,6132,12150,9320,21470,27602,5764,639.5,6403.5,11400,9083,20483,26886.5
,....Misamis Oriental,10895,958,11853,18589,12332,30921,42774,12251,3731,15982,17940,11941,29881,45863
,..REGION XI (DAVAO REGION),37971,32031,70002,46000.5,53315.89,99316.39,169318.39,39468,36135,75603,45582,54110,99692,175295
,....Davao de Oro (Compostela Valley),7878,7977,15855,11592,10444,22036,37891,7257,8977,16234,12060,10122,22182,38416
,....Davao del Norte,3900,4525,8425,5038,4881,9919,18344,4099,6021,10120,5000,9048,14048,24168
,....Davao del Sur,7638,5138,12776,7009,7157,14166,26942,10214,8306,18520,9850,7893,17743,36263
,....Davao Occidental,7492,3947,11439,6387.5,9323.89,15711.39,27150.39,8875,4515,13390,6072,9734,15806,29196
,....Davao Oriental,8635,7638,16273,12598,17469,30067,46340,9023,8316,17339,12600,17313,29913,47252
,....City of Davao,2428,2806,5234,3376,4041,7417,12651,0,0,0,0,0,0,0
,..REGION XII (SOCCSKSARGEN),100017.01,31379.48,131396.49,136223,120950,257173,388569.49,100901,41841,142742,131305,123316,254621,397363
,....Cotabato (North Cotabato),27120,6988,34108,37823,28485,66308,100416,30663,9330,39993,39591,29445,69036,109029
,....Sarangani,11355,4850.48,16205.48,25644,23240,48884,65089.48,13269,4925,18194,25234,24386,49620,67814
,....South Cotabato,31474,11109,42583,48384,41526,89910,132493,30959,18642,49601,41650,40307,81957,131558
,....Sultan Kudarat,30068.01,8432,38500.01,24372,27699,52071,90571.01,26010,8944,34954,24830,29178,54008,88962
,..REGION XIII (CARAGA),2549,9729,12278,12517,19755,32272,44550,1771,4343,6114,15023,19796,34819,40933
,....Agusan del Norte,1007,697,1704,1314,473,1787,3491,937,662,1599,1640,1899,3539,5138
,....Agusan del Sur,1350,8720,10070,8185,17215,25400,35470,600,3318,3918,9827,15945,25772,29690
,....Dinagat Islands,23,64,87,47,29,76,163,30,59,89,55,26,81,170
,....Surigao del Norte,48,135,183,354,275,629,812,55,160,215,368,298,666,881
,....Surigao del Sur,121,113,234,2617,1763,4380,4614,149,144,293,3133,1628,4761,5054
,..BANGSAMORO AUTONOMOUS REGION IN MUSLIM MINDANAO (BARMM),101584,45534.24,147118.24,151629.16,67122.51,218751.67,365869.91,95613.3,53794.64,149407.94,135232,66289.25,201521.25,350929.19
,....Basilan,150,20,170,100,116,216,386,150,50,200,82,100,182,382
,....Lanao del Sur,34185,21864,56049,83994,32294,116288,172337,34186.5,21858,56044.5,86503,32295,118798,174842.5
,....Maguindanao,66900,23080.24,89980.24,66757.28,34208.51,100965.79,190946.03,60870.8,31282.64,92153.44,47859,33284.25,81143.25,173296.69
,....Sulu,146,320,466,549.88,303,852.88,1318.88,160,360,520,560,409,969,1489
,....Tawi-tawi,203,250,453,228,201,429,882,246,244,490,228,201,429,919